Model,MAE,R2
DFT,1.3079134812286688,0.33073243085082016
ML-corrected,0.5155539330626984,0.8582390437794175
