Model,MAE,RMSE,R2,CV_MAE,CV_STD
Linear_Regression,1.121188887,1.543766273,0.034058618,1.30935908,0.281876626
Random_Forest,0.527030129,0.814982984,0.730793986,0.91458208,0.111966043
Gradient_Boosting,0.66715441,1.002532253,0.592634372,1.045146253,0.131912749
XGBoost,0.515553933,0.800099835,0.740536641,0.961646287,0.081581946
SVR,0.987840657,1.471911682,0.121885438,1.094155906,0.164776935
