Descriptor,Spearman_rho,p_value,Min_Mean_AbsResidual,Max_Mean_AbsResidual
delta_chi,0.156835809,0.00013779,0.327392955,0.649518687
delta_r,0.198059541,1.35E-06,0.39088754,0.612183346
VEC,-0.152821454,0.000204534,0.477326251,0.587372552
Z_avg,-0.296114314,2.52E-13,0.264847272,0.74197222
delta_atomic_volume,0.134048809,0.001142976,0.458143584,0.620783119
