Descriptor,Q1_min,Q1_max,Q2_min,Q2_max,Q3_min,Q3_max,Q4_min,Q4_max
delta_chi,0.01,0.97,0.97,1.66,1.66,2.22,2.22,3.19
delta_r,0,0.45,0.45,0.8,0.8,0.95,0.95,2.1
VEC,1.5,11.71428571,11.71428571,13.0627451,13.0627451,14,14,16.82352941
Z_avg,4.772727273,13.56190476,13.56190476,23,23,34.5,34.5,67.77777778
delta_atomic_volume,0,8.581260333,8.581260333,11.86527185,11.86527185,20.24023427,20.24023427,73.09857786
