Metric,Value
MAE,0.6671544098707956
RMSE,1.0025322526830858
R2,0.5926343724219281
CV_MAE,1.045146253066358
CV_STD,0.13191274884999482
