Metric,Value
MAE,1.1211888869536388
RMSE,1.5437662730458828
R2,0.03405861788975395
CV_MAE,1.309359079718433
CV_STD,0.2818766257319687
