Metric,Value
MAE,0.5270301291245592
RMSE,0.8149829839223199
R2,0.7307939862133526
CV_MAE,0.9145820797486446
CV_STD,0.111966042809184
