Metric,Value
MAE,0.9878406573721562
RMSE,1.471911682279641
R2,0.12188543755220049
CV_MAE,1.0941559063005502
CV_STD,0.1647769349640843
