Metric,Value
MAE,0.5155539330626984
RMSE,0.8000998351301624
R2,0.7405366405830134
CV_MAE,0.9616462873857028
CV_STD,0.08158194610342978
